Repository,Stars,Creation Date
freeCodeCamp,373031,2014-12-24T17:49:19Z
free-programming-books,297319,2013-10-11T06:50:37Z
awesome,268278,2014-07-11T13:42:37Z
996.ICU,267872,2019-03-26T07:31:14Z
coding-interview-university,264496,2016-06-06T02:34:12Z
public-apis,255120,2016-03-20T23:49:42Z
developer-roadmap,250391,2017-03-15T13:45:52Z
system-design-primer,228598,2017-02-26T16:15:28Z
build-your-own-x,216219,2018-05-09T12:03:18Z
react,212734,2013-05-24T16:15:54Z
vue,205167,2013-07-29T03:24:51Z
awesome-python,179805,2014-06-27T21:00:06Z
tensorflow,177434,2015-11-07T01:19:20Z
javascript-algorithms,174838,2018-03-24T07:47:04Z
You-Dont-Know-JS,170992,2013-11-16T02:37:24Z
Python,168081,2016-07-16T09:44:01Z
CS-Notes,166687,2018-02-13T14:56:24Z
bootstrap,165180,2011-07-29T21:19:00Z
ohmyzsh,162088,2009-08-28T18:15:37Z
linux,156983,2011-09-04T22:48:12Z
flutter,156474,2015-03-06T22:54:58Z
gitignore,151131,2010-11-08T20:17:14Z
vscode,150851,2015-09-03T20:23:38Z
computer-science,148628,2014-05-04T00:18:39Z
Auto-GPT,148033,2023-03-16T09:21:07Z
awesome-selfhosted,147524,2015-06-01T02:33:17Z
Python-100-Days,139598,2018-03-01T16:05:52Z
the-art-of-command-line,139177,2015-05-20T15:11:03Z
JavaGuide,136755,2018-05-07T13:27:00Z
javascript,136245,2012-11-01T23:13:50Z
youtube-dl,123250,2010-10-31T14:35:07Z
fucking-algorithm,118143,2020-02-19T09:01:23Z
30-seconds-of-code,115412,2017-11-29T17:35:03Z
project-based-learning,115146,2017-04-12T05:07:46Z
go,114117,2014-08-19T04:33:40Z
react-native,111615,2015-01-09T18:10:16Z
transformers,111373,2018-10-29T13:56:00Z
next.js,111194,2016-10-05T23:32:51Z
electron,109028,2013-04-12T01:47:36Z
awesome-go,107674,2014-07-06T13:42:15Z
the-book-of-secret-knowledge,106618,2018-06-23T10:43:14Z
d3,106191,2010-09-27T17:22:42Z
free-programming-books-zh_CN,104680,2013-11-04T01:59:19Z
axios,101536,2014-08-18T22:30:27Z
kubernetes,101435,2014-06-06T22:56:04Z
stable-diffusion-webui,101082,2022-08-22T14:05:26Z
create-react-app,100680,2016-07-17T14:55:11Z
node,97505,2014-11-26T19:57:11Z
PowerToys,95005,2019-05-01T17:44:02Z
tech-interview-handbook,94486,2016-07-05T05:00:48Z
three.js,94287,2010-03-23T18:58:01Z
TypeScript,93891,2014-06-17T15:28:39Z
nodebestpractices,92589,2017-09-15T08:33:19Z
scrcpy,90656,2017-11-21T18:00:27Z
deno,90641,2018-05-15T01:34:26Z
terminal,90229,2017-08-11T18:38:22Z
angular,89988,2014-09-18T16:12:01Z
material-ui,88493,2014-08-18T19:11:54Z
awesome-chatgpt-prompts,88065,2022-12-05T13:54:13Z
ant-design,87463,2015-04-24T15:37:24Z
clean-code-javascript,85242,2016-11-25T22:25:41Z
rust,85026,2010-06-16T20:39:03Z
puppeteer,84491,2017-05-09T22:16:13Z
vue-element-admin,83862,2017-04-17T03:35:49Z
java-design-patterns,83571,2014-08-09T16:45:18Z
storybook,80259,2016-03-18T04:23:44Z
thefuck,79232,2015-04-08T15:08:04Z
animate.css,78517,2011-10-12T10:07:38Z
realworld,76223,2016-02-26T20:49:53Z
papers-we-love,76154,2013-12-15T14:31:41Z
models,76090,2016-02-05T01:15:20Z
Web-Dev-For-Beginners,75402,2020-11-10T02:44:00Z
HelloGitHub,74734,2016-05-04T06:24:11Z
laravel,74583,2011-06-08T03:06:08Z
LeetCodeAnimation,73633,2018-12-06T08:01:22Z
django,72883,2012-04-28T02:47:18Z
every-programmer-should-know,72851,2017-08-24T13:18:26Z
free-for-dev,72637,2015-03-18T21:06:26Z
svelte,72299,2016-11-20T18:13:05Z
FiraCode,72288,2014-11-11T19:32:38Z
Font-Awesome,72182,2012-02-17T14:19:43Z
tailwindcss,71730,2017-10-06T14:59:14Z
frp,71531,2015-12-21T15:24:59Z
advanced-java,71485,2018-10-06T11:38:30Z
gin,71272,2014-06-16T23:57:25Z
bitcoin,71232,2010-12-19T15:16:43Z
opencv,71035,2012-07-19T09:40:17Z
pytorch,70474,2016-08-13T05:26:41Z
nvm,69833,2010-04-15T17:47:47Z
mall,69682,2018-04-04T01:11:44Z
awesome-vue,69415,2015-10-20T00:16:14Z
spring-boot,69212,2012-10-19T15:02:57Z
neovim,69157,2014-01-31T13:39:22Z
hugo,68884,2013-07-04T15:26:26Z
Awesome-Hacking,68739,2016-03-30T15:47:10Z
json-server,68247,2013-11-27T13:21:13Z
iptv,68215,2018-11-14T22:00:57Z
tauri,68176,2019-07-13T09:09:37Z
app-ideas,66737,2019-02-25T18:36:56Z
moby,66622,2013-01-18T18:10:57Z
Front-End-Checklist,65987,2017-10-16T10:12:36Z
GitHub-Chinese-Top-Charts,65210,2019-09-05T03:01:56Z
elasticsearch,65002,2010-02-08T13:20:56Z
netdata,64947,2013-06-17T18:39:10Z
reveal.js,64524,2011-06-07T18:54:22Z
flask,64060,2010-04-06T11:11:59Z
godot,64034,2014-01-04T16:05:36Z
swift,63965,2015-10-23T21:15:07Z
webpack,63476,2012-03-10T10:08:14Z
awesome-mac,63239,2016-07-17T15:33:47Z
node,62793,2023-02-01T13:55:02Z
core,62640,2013-09-17T07:29:48Z
fastapi,62216,2018-12-08T08:21:47Z
code-server,61961,2019-02-27T16:50:41Z
express,61785,2009-06-26T18:56:01Z
Chart.js,61649,2013-03-17T23:56:36Z
redis,61371,2009-03-21T22:32:25Z
langchain,61174,2022-10-17T02:58:36Z
protobuf,60690,2014-08-26T15:52:15Z
mermaid,60677,2014-11-01T23:52:32Z
resume.github.com,60641,2011-02-06T13:39:55Z
clash_for_windows_pkg,60533,2018-10-18T22:59:10Z
interviews,60340,2017-02-14T18:19:25Z
awesome-machine-learning,59946,2014-07-15T19:11:19Z
redux,59882,2015-05-29T23:53:15Z
the-algorithm,59774,2023-03-27T14:57:57Z
stable-diffusion,59730,2022-08-10T14:36:44Z
atom,59586,2012-01-20T18:18:21Z
cs-video-courses,59576,2016-10-21T17:02:11Z
vite,59367,2020-04-21T05:03:57Z
nest,59351,2017-02-04T20:12:52Z
keras,59140,2015-03-28T00:35:42Z
markdown-here,59136,2012-05-13T03:27:22Z
angular.js,59092,2010-01-06T00:34:37Z
socket.io,58900,2010-03-11T18:24:48Z
github-readme-stats,58771,2020-07-09T10:34:22Z
ansible,58469,2012-03-06T14:58:02Z
architect-awesome,58431,2018-04-06T13:30:58Z
awesome-react,57906,2014-08-06T05:31:44Z
Front-end-Developer-Interview-Questions,57788,2012-02-09T23:34:10Z
jquery,57788,2009-04-03T15:20:14Z
devops-exercises,57690,2019-10-03T17:31:21Z
33-js-concepts,57527,2018-09-04T13:27:04Z
nocode,57520,2018-02-06T23:54:00Z
awesome-interview-questions,57244,2015-11-28T09:48:17Z
lodash,57113,2012-04-07T04:11:46Z
grafana,56974,2013-12-11T15:59:56Z
shadowsocks-windows,56929,2013-01-14T07:54:16Z
funNLP,56488,2018-08-21T11:20:39Z
supabase,56335,2019-10-12T05:56:49Z
echarts,56245,2013-04-03T03:18:59Z
awesome-for-beginners,56080,2015-10-24T19:53:36Z
javascript-questions,56009,2019-06-12T08:26:27Z
strapi,55850,2015-09-30T15:34:48Z
awesome-public-datasets,55778,2014-11-20T06:20:50Z
HowToCook,55730,2020-02-29T10:43:49Z
scikit-learn,55632,2010-08-17T09:43:38Z
cpython,55558,2017-02-10T19:23:51Z
Apollo-11,55389,2014-04-03T15:45:02Z
yt-dlp,55385,2020-10-26T04:22:55Z
html5-boilerplate,55206,2010-01-24T18:03:24Z
gatsby,54707,2015-05-21T22:43:05Z
playwright,54531,2019-11-15T18:32:42Z
excalidraw,54320,2020-01-02T01:04:43Z
hoppscotch,54226,2019-08-21T13:15:24Z
fzf,54164,2013-10-23T16:04:23Z
syncthing,54112,2013-11-26T09:48:21Z
superset,54060,2015-07-21T18:55:34Z
element,53644,2016-09-03T06:19:26Z
rails,53439,2008-04-11T02:19:47Z
Java,53425,2016-07-16T10:21:02Z
ML-For-Beginners,53409,2021-03-03T01:34:05Z
manim,53211,2015-03-22T18:50:58Z
tesseract,53112,2014-08-12T18:04:59Z
design-resources-for-developers,53094,2020-05-06T14:40:35Z
spring-framework,53031,2010-12-08T04:04:45Z
awesome-nodejs,52639,2014-07-11T13:35:34Z
Ventoy,52495,2020-03-10T15:19:19Z
leetcode,52329,2018-03-30T09:13:51Z
Best-websites-a-programmer-should-visit,52023,2017-03-05T20:25:17Z
gpt4all,51798,2023-03-27T18:49:32Z
DeepLearning-500-questions,51465,2018-06-27T06:36:45Z
react-router,50936,2014-05-16T22:22:51Z
normalize.css,50882,2011-05-04T10:20:25Z
Semantic-UI,50740,2013-04-08T23:32:04Z
PayloadsAllTheThings,50360,2016-10-18T07:29:07Z
tabby,50340,2016-12-23T09:06:10Z
requests,50171,2011-02-13T18:38:17Z
obs-studio,50058,2013-10-01T02:40:31Z
imgui,50054,2014-07-21T14:29:47Z
prometheus,49751,2012-11-24T11:14:12Z
caddy,49519,2015-01-13T19:45:03Z
ionic-framework,49486,2013-08-20T23:06:02Z
face_recognition,49244,2017-03-03T21:52:39Z
awesome-courses,48996,2014-11-15T18:36:49Z
awesome-cpp,48736,2014-07-17T08:51:11Z
SecLists,48676,2012-02-19T01:30:18Z
material-design-icons,48564,2014-10-08T18:01:28Z
alacritty,48461,2016-02-18T05:02:30Z
scrapy,48363,2010-02-22T02:01:14Z
localstack,48347,2016-10-25T23:48:03Z
awesome-flutter,48324,2017-05-07T11:45:27Z
guava,48228,2014-05-29T16:23:17Z
awesome-scalability,48170,2017-12-27T03:46:40Z
you-get,48100,2012-08-20T15:53:36Z
moment,47531,2011-03-01T02:46:06Z
bulma,47478,2016-01-23T23:48:34Z
openai-cookbook,47445,2022-03-11T02:08:53Z
docusaurus,47424,2017-06-20T16:13:53Z
nuxt,47302,2016-10-26T11:18:47Z
git,47248,2008-07-23T14:21:26Z
awesome-android-ui,47239,2014-12-24T01:45:03Z
RxJava,47209,2013-01-08T20:11:48Z
jekyll,47188,2008-10-20T06:29:03Z
anime,46974,2016-03-13T21:37:45Z
faceswap,46933,2017-12-19T09:44:13Z
d2l-zh,46816,2017-08-23T04:40:24Z
v2rayN,46796,2019-07-30T03:47:24Z
hacker-scripts,46759,2015-11-21T19:05:09Z
rustdesk,46589,2020-09-28T15:36:08Z
prettier,46549,2016-11-29T17:13:37Z
clash,46383,2018-06-10T14:28:14Z
new-pac,46381,2016-03-23T08:43:36Z
nerd-fonts,46144,2014-12-05T04:31:17Z
kotlin,45666,2012-02-13T17:29:58Z
tldr,45346,2013-12-08T07:34:43Z
big-list-of-naughty-strings,45149,2015-08-08T20:57:20Z
DefinitelyTyped,45130,2012-10-05T16:39:45Z
serverless,45127,2015-04-21T03:48:40Z
cypress,44856,2015-03-04T00:46:28Z
chinese-poetry,44699,2016-09-02T03:32:25Z
gpt4free,44643,2023-03-29T17:00:43Z
rich,44592,2019-11-10T15:28:09Z
Real-Time-Voice-Cloning,44573,2019-05-26T08:56:15Z
traefik,44509,2015-09-13T19:04:02Z
learn-regex,44480,2017-07-22T12:21:03Z
okhttp,44437,2012-07-23T13:42:55Z
etcd,44399,2013-07-06T21:57:21Z
whisper,44218,2022-09-16T20:02:54Z
algorithm-visualizer,44204,2016-05-15T00:27:45Z
dayjs,44009,2018-04-10T09:26:44Z
Ghost,43928,2013-05-04T11:09:13Z
mastodon,43849,2016-02-22T15:01:25Z
awesome-ios,43833,2014-07-10T16:03:45Z
pdf.js,43723,2011-04-26T06:32:03Z
bun,43716,2021-04-14T00:48:17Z
meteor,43706,2012-01-19T01:58:17Z
go-ethereum,43553,2013-12-26T13:05:46Z
awesome-chatgpt-prompts-zh,43414,2022-12-12T01:55:03Z
pi-hole,43288,2014-06-08T15:02:55Z
architecture-samples,43107,2016-02-05T13:42:07Z
julia,43092,2011-04-21T07:01:50Z
sherlock,43078,2018-12-24T14:30:48Z
v2ray-core,43059,2015-09-04T11:42:53Z
TensorFlow-Examples,42925,2015-11-11T14:21:19Z
act,42896,2019-01-02T19:53:43Z
AdminLTE,42890,2013-12-25T02:52:40Z
gogs,42863,2014-02-12T01:57:08Z
Projects,42850,2013-07-04T13:37:27Z
bat,42832,2018-04-21T10:52:23Z
gpt-engineer,42742,2023-04-29T12:52:15Z
parcel,42665,2017-08-07T16:36:47Z
ChatGPT-Next-Web,42664,2023-03-10T18:27:54Z
jest,42633,2013-12-10T00:18:04Z
drawio-desktop,42533,2017-05-25T20:58:42Z
babel,42522,2014-09-28T13:38:23Z
ghidra,42472,2019-03-01T03:27:48Z
mkcert,42457,2018-06-25T05:33:03Z
DeepFaceLab,42333,2018-06-04T13:10:00Z
build-web-application-with-golang,42296,2012-08-02T11:49:35Z
github-cheat-sheet,42283,2014-04-12T16:38:42Z
react,42112,2018-06-02T04:08:16Z
awesome-wechat-weapp,41970,2016-09-22T20:04:48Z
retrofit,41955,2010-09-06T21:39:43Z
design-patterns-for-humans,41787,2017-02-16T21:24:39Z
100-Days-Of-ML-Code,41740,2018-07-05T09:11:43Z
leetcode-master,41684,2019-12-14T12:05:42Z
project-layout,41612,2017-09-09T16:33:26Z
rustlings,41560,2015-09-15T02:25:18Z
Microsoft-Activation-Scripts,41538,2020-01-12T23:03:34Z
x64dbg,41525,2015-04-11T20:48:23Z
openpilot,41473,2016-11-24T01:33:30Z
hyper,41441,2016-07-01T06:01:21Z
yolov5,41335,2020-05-18T03:45:11Z
yarn,41261,2016-01-19T17:39:16Z
marktext,41254,2017-11-12T16:05:25Z
git-flight-rules,41244,2014-07-22T20:35:09Z
trackerslist,41159,2016-04-24T11:57:57Z
llama,41105,2023-02-14T09:29:12Z
pixijs,40833,2013-01-21T22:40:50Z
ChatGPT,40819,2022-12-07T09:43:02Z
bypass-paywalls-chrome,40801,2018-04-07T20:33:19Z
gpt_academic,40799,2023-03-20T09:05:13Z
minio,40674,2015-01-14T19:23:58Z
PowerShell,40490,2016-01-13T23:41:35Z
vue2-elm,40332,2016-12-23T01:49:20Z
llama.cpp,40169,2023-03-10T18:58:00Z
rclone,40108,2014-03-16T16:19:57Z
core,40046,2018-06-12T13:49:36Z
Motrix,40024,2018-12-18T11:45:05Z
ripgrep,39844,2016-03-11T02:02:33Z
nw.js,39812,2012-01-04T06:21:10Z
Alamofire,39712,2014-07-31T05:56:19Z
pandas,39634,2010-08-24T01:37:33Z
pm2,39608,2013-05-21T03:25:25Z
PythonDataScienceHandbook,39475,2016-08-10T14:24:36Z
styled-components,39462,2016-08-16T06:41:32Z
dubbo,39336,2012-06-19T07:56:02Z
huginn,39208,2013-03-10T06:00:31Z
frontend-dev-bookmarks,39062,2013-06-22T13:23:55Z
grpc,38870,2014-12-08T18:58:53Z
materialize,38838,2014-09-12T19:35:38Z
CppCoreGuidelines,38772,2015-08-19T20:22:52Z
terraform,38736,2014-03-13T22:25:48Z
discourse,38696,2013-01-12T00:25:55Z
meilisearch,38668,2018-04-23T11:45:28Z
lazygit,38573,2018-05-19T00:53:06Z
uni-app,38565,2018-07-12T08:52:39Z
hiring-without-whiteboards,38421,2017-03-15T05:09:01Z
joplin,38404,2017-01-16T21:49:41Z
zx,38381,2021-05-05T05:50:01Z
powerlevel10k,38354,2019-02-24T19:09:45Z
Leaflet,38329,2010-09-22T16:57:44Z
AppFlowy,38285,2021-06-16T12:56:48Z
gitea,38204,2016-11-01T02:13:26Z
30-Days-Of-JavaScript,38204,2019-12-23T14:07:40Z
FFmpeg,38202,2011-04-14T14:12:38Z
dive,38186,2018-05-13T15:44:01Z
front-end-interview-handbook,38164,2018-01-13T19:40:08Z
edex-ui,38137,2017-01-28T09:35:02Z
segment-anything,38040,2023-03-23T17:03:03Z
python-patterns,38016,2012-06-06T21:02:35Z
uptime-kuma,37999,2021-07-03T01:02:42Z
react-use,37974,2018-10-27T10:16:05Z
vuetify,37896,2016-09-12T00:39:35Z
Magisk,37772,2016-09-08T12:42:53Z
nocodb,37664,2017-10-29T18:51:48Z
awesome-java,37551,2014-07-09T10:12:43Z
fastlane,37496,2014-12-02T17:00:38Z
first-contributions,37463,2016-09-20T14:35:09Z
hexo,37371,2012-09-23T15:17:08Z
impress.js,37317,2011-12-28T22:23:19Z
uBlock,37262,2015-04-01T17:51:11Z
what-happens-when,37223,2013-11-07T04:30:06Z
privateGPT,37221,2023-05-02T09:15:31Z
awesome-react-components,37015,2016-06-24T15:19:33Z
brew,36974,2016-03-06T05:08:38Z
hackingtool,36932,2020-04-11T09:21:31Z
Rocket.Chat,36903,2015-05-19T07:36:09Z
quill,36872,2012-07-30T23:23:18Z
awesome-rust,36790,2014-07-17T10:45:10Z
MPAndroidChart,36781,2014-04-25T14:29:47Z
open-source-mac-os-apps,36690,2017-11-03T02:35:33Z
spark,36635,2014-02-25T08:00:08Z
react-hook-form,36628,2019-03-05T23:47:10Z
freecodecamp.cn,36498,2016-09-30T03:13:43Z
kubernetes-the-hard-way,36411,2016-07-07T14:15:27Z
json,36374,2013-07-04T08:47:49Z
ailearning,36308,2017-02-25T08:53:02Z
swiper,36302,2012-03-14T19:11:45Z
open-source-ios-apps,36261,2015-01-26T23:32:34Z
Deep-Learning-Papers-Reading-Roadmap,36215,2016-10-14T11:49:48Z
starship,36182,2019-04-02T03:23:12Z
type-challenges,36160,2020-07-23T14:33:11Z
query,36158,2019-09-10T19:23:58Z
video.js,36138,2010-05-14T18:45:10Z
jadx,36035,2013-03-18T17:08:21Z
weekly,35978,2018-10-13T12:36:07Z
php-src,35962,2011-06-16T01:52:25Z
esbuild,35940,2016-06-14T16:08:50Z
cheat.sh,35918,2017-05-07T21:40:56Z
kong,35841,2014-11-17T23:56:08Z
drawio,35777,2016-09-06T12:59:15Z
jeecg-boot,35743,2018-11-26T10:40:00Z
annotated_deep_learning_paper_implementations,35580,2020-08-25T02:29:34Z
monaco-editor,35470,2016-06-07T16:56:31Z
slate,35432,2013-09-13T22:15:24Z
Prompt-Engineering-Guide,35408,2022-12-16T16:04:50Z
styleguide,35350,2015-05-20T19:18:59Z
interview_internal_reference,35340,2019-06-10T06:54:19Z
tabler,35279,2018-02-01T09:08:59Z
bert,35187,2018-10-25T22:57:34Z
phaser,35147,2013-04-12T12:27:51Z
wrk,35121,2012-03-20T11:12:28Z
Open-Assistant,35055,2022-12-13T05:24:17Z
sentry,35049,2010-08-30T22:06:41Z
preact,34973,2015-09-11T02:40:18Z
lerna,34900,2015-12-04T09:36:55Z
ant-design-pro,34826,2017-08-25T10:40:44Z
tutorials,34824,2013-04-29T18:26:36Z
zustand,34788,2019-04-09T09:10:06Z
tidb,34772,2015-09-06T04:01:52Z
fullPage.js,34715,2013-09-20T11:58:29Z
pure-bash-bible,34704,2018-06-13T01:39:33Z
node-v0.x-archive,34534,2009-05-27T16:29:46Z
awesome-cheatsheets,34499,2017-11-09T02:47:15Z
og-aws,34477,2016-07-13T17:30:16Z
astro,34434,2021-03-15T17:19:47Z
v,34387,2019-02-08T02:57:06Z
JavaFamily,34371,2019-11-12T04:26:18Z
iina,34370,2016-12-19T07:18:45Z
koa,34318,2013-07-20T18:53:45Z
hackathon-starter,34316,2013-11-13T17:24:12Z
chakra-ui,34266,2019-08-17T14:27:54Z
lottie-android,34212,2016-10-06T22:42:42Z
nativefier,34185,2015-07-05T05:56:42Z
wtfpython,34175,2017-08-28T20:22:19Z
deeplearningbook-chinese,34141,2016-12-07T11:46:51Z
Made-With-ML,34067,2018-11-05T03:44:27Z
TaskMatrix,34013,2023-03-02T09:04:28Z
shadowsocks-android,33956,2012-12-16T13:40:29Z
metabase,33948,2015-02-02T19:25:47Z
ChatGLM-6B,33936,2023-03-13T12:00:18Z
glide,33884,2013-07-08T22:52:33Z
manifesto,33727,2023-08-13T16:17:24Z
prisma,33663,2019-06-20T13:33:47Z
istio,33607,2016-11-18T23:57:21Z
dbeaver,33594,2015-10-21T08:26:28Z
cs-self-learning,33542,2021-10-20T13:43:42Z
caffe,33539,2013-09-12T18:39:48Z
taro,33509,2018-04-08T09:32:26Z
sheetjs,33485,2012-12-03T19:25:52Z
gorm,33479,2013-10-25T08:31:38Z
black,33476,2018-03-14T19:54:45Z
leveldb,33476,2014-08-27T21:17:52Z
clipboard.js,33440,2015-09-18T23:04:55Z
shadowsocks,33433,2012-04-20T13:10:49Z
the-way-to-go_ZH_CN,33422,2013-03-24T17:18:38Z
brackets,33394,2011-12-07T21:14:40Z
zju-icicles,33380,2016-06-28T16:17:32Z
n8n,33363,2019-06-22T09:24:21Z
AFNetworking,33355,2011-05-31T21:28:44Z
python-cheatsheet,33301,2018-01-25T04:16:53Z
awesome-react-native,33272,2015-03-26T19:58:06Z
arthas,33268,2018-08-29T17:15:57Z
free,33251,2020-06-07T02:48:33Z
cobra,33248,2013-09-03T20:40:26Z
pyenv,33217,2012-08-31T06:57:52Z
cli,33169,2019-10-03T15:24:53Z
carbon,33153,2017-06-16T02:50:28Z
955.WLB,33116,2019-03-27T23:53:37Z
appwrite,33004,2019-04-08T16:36:25Z
PaddleOCR,32983,2020-05-08T10:38:16Z
acme.sh,32981,2015-12-26T12:56:33Z
shellcheck,32933,2012-11-17T03:15:11Z
DragGAN,32814,2023-05-18T10:08:02Z
gulp,32795,2013-07-04T05:26:06Z
formik,32792,2017-06-14T19:50:59Z
gold-miner,32723,2015-11-04T03:29:13Z
hello-algorithm,32713,2020-05-29T05:47:09Z
immutable-js,32674,2014-07-02T06:02:29Z
gym,32658,2016-04-27T14:59:16Z
CPlusPlusThings,32624,2019-07-14T08:45:45Z
vim,32533,2015-08-18T21:03:56Z
aspnetcore,32524,2014-03-11T06:09:42Z
AndroidUtilCode,32438,2016-07-30T18:18:32Z
ColossalAI,32414,2021-10-28T16:19:44Z
devdocs,32261,2013-10-24T18:16:07Z
date-fns,32239,2014-10-06T10:24:22Z
material-design-lite,32203,2015-01-14T22:01:33Z
mitmproxy,32185,2010-02-16T04:10:13Z
XX-Net,32152,2015-01-15T09:35:51Z
awesome-design-patterns,32049,2018-06-04T17:47:48Z
GFPGAN,32026,2021-03-19T06:18:20Z
typeorm,32022,2016-02-29T07:41:14Z
vim-plug,31908,2013-09-10T14:58:51Z
netty,31765,2010-11-09T09:22:21Z
ShadowsocksX-NG,31707,2016-06-10T11:49:00Z
wtfjs,31703,2017-07-14T15:42:12Z
fanqiang,31626,2015-01-14T00:34:25Z
ijkplayer,31625,2013-06-03T04:12:04Z
reactjs-interview-questions,31614,2018-05-31T17:17:01Z
airflow,31575,2015-04-13T18:04:58Z
zxing,31452,2011-10-12T14:07:27Z
Docker-OSX,31441,2020-06-04T11:01:37Z
tesseract.js,31414,2015-06-24T02:49:52Z
android-open-project,31291,2014-01-05T15:20:15Z
aria2,31271,2010-11-27T09:41:48Z
awesome-javascript,31251,2014-07-01T15:59:02Z
12306,31225,2017-05-17T12:23:40Z
jieba,31175,2012-09-29T07:52:01Z
curl,31133,2010-03-18T22:32:22Z
metasploit-framework,31099,2011-08-30T06:13:20Z
diagrams,31096,2020-02-02T15:23:24Z
carbon-lang,31060,2020-04-27T21:45:16Z
jQuery-File-Upload,31016,2010-12-01T15:35:32Z
react-beautiful-dnd,30804,2017-08-09T03:37:15Z
MockingBird,30784,2021-08-07T03:53:39Z
googletest,30711,2015-07-28T15:07:53Z
google-research,30699,2018-10-04T18:42:48Z
yuzu,30580,2018-01-03T18:13:57Z
ClickHouse,30559,2016-06-02T08:28:18Z
awesome-awesomeness,30537,2014-07-08T05:44:19Z
odoo,30497,2014-05-13T15:38:58Z
insomnia,30493,2016-04-23T03:54:26Z
50projects50days,30487,2020-11-16T14:39:01Z
LeetCode-Go,30470,2017-07-18T00:06:14Z
lx-music-desktop,30445,2019-08-14T14:31:08Z
marked,30418,2011-07-24T13:15:51Z
compose,30403,2013-12-09T11:40:58Z
spring-boot-demo,30384,2017-11-10T06:27:29Z
lazydocker,30336,2019-05-18T08:53:50Z
tmux,30235,2015-06-03T23:32:55Z
interview,30231,2018-02-09T09:49:48Z
nvm-windows,30217,2014-09-20T16:37:28Z
certbot,30198,2014-11-12T02:52:20Z
husky,30157,2014-06-23T12:14:21Z
beego,30157,2012-02-29T02:32:08Z
HanLP,30147,2014-10-09T06:36:16Z
framework,30131,2013-01-10T21:27:28Z
graphql-engine,30111,2018-06-18T07:57:36Z
ui,29954,2023-01-04T12:43:27Z
Blog,29878,2017-03-13T10:04:33Z
alist,29875,2020-12-23T17:40:29Z
ImHex,29864,2020-11-10T14:27:00Z
pandoc,29864,2010-03-20T20:34:23Z
HEAD,29747,2016-04-20T20:05:37Z
vue-cli,29713,2015-12-26T23:11:20Z
stablediffusion,29575,2022-11-23T23:59:50Z
p3c,29563,2017-06-23T06:15:51Z
foundation-sites,29520,2011-10-13T23:05:42Z
libpku,29488,2018-11-22T13:33:06Z
REKCARC-TSC-UHT,29406,2019-04-05T03:31:23Z
rxjs,29386,2015-03-15T06:17:10Z
spring-boot-examples,29358,2016-11-05T05:32:33Z
phantomjs,29312,2010-12-27T08:18:58Z
vimrc,29298,2012-05-29T16:19:29Z
dotfiles,29267,2011-09-05T18:07:54Z
Awesome-Design-Tools,29266,2019-02-12T13:55:30Z
react-boilerplate,29241,2015-02-18T14:36:32Z
COVID-19,29230,2020-02-04T22:03:53Z
es6features,29158,2014-03-03T18:29:30Z
English-level-up-tips,29145,2017-05-30T07:18:52Z
awesome-php,29111,2013-11-26T03:14:19Z
cli,29085,2012-02-25T12:39:13Z
ccxt,29054,2017-05-14T15:41:56Z
NeteaseCloudMusicApi,29007,2016-06-22T11:58:03Z
appsmith,28929,2020-06-30T04:07:36Z
easyexcel,28888,2018-02-06T03:14:08Z
TrafficMonitor,28885,2017-07-30T02:51:17Z
project-guidelines,28874,2017-06-30T10:17:55Z
lottie-web,28861,2015-02-20T21:02:59Z
solid,28845,2018-04-24T16:36:27Z
html2canvas,28753,2011-07-16T01:05:58Z
run,28711,2022-04-10T05:42:40Z
Hover,28708,2014-01-02T14:27:35Z
fd,28702,2017-05-09T21:27:10Z
leakcanary,28682,2015-04-29T23:54:16Z
Files,28671,2019-01-04T18:19:14Z
symfony,28651,2010-01-04T14:21:21Z
halo,28615,2018-03-21T12:56:52Z
linux-insides,28588,2015-01-03T18:44:57Z
Coursera-ML-AndrewNg-Notes,28582,2017-11-04T10:04:08Z
500lines,28542,2013-11-04T02:02:53Z
photoprism,28528,2018-01-27T12:00:15Z
trpc,28502,2020-07-18T01:17:11Z
standard,28478,2015-01-27T01:23:31Z
fastify,28412,2016-09-28T19:10:14Z
swc,28401,2017-12-22T11:40:14Z
sequelize,28393,2010-07-22T07:11:11Z
awesome-shell,28387,2014-07-07T01:57:42Z
yew,28385,2017-12-16T14:19:02Z
vault,28331,2015-02-25T00:15:59Z
learnGitBranching,28331,2012-08-13T22:36:09Z
apollo,28328,2016-03-04T10:24:23Z
programmer-job-blacklist,28320,2016-06-25T06:09:10Z
todomvc,28302,2011-06-03T19:56:33Z
Python,28296,2011-11-30T09:04:08Z
vuex,28236,2015-07-16T04:21:26Z
webtorrent,28223,2013-10-15T08:16:40Z
fiber,28181,2020-01-16T03:59:20Z
DeepSpeed,28173,2020-01-23T18:35:18Z
android_guides,28170,2013-06-19T10:24:45Z
slick,28073,2014-03-24T02:10:05Z
backbone,28036,2010-09-30T19:41:28Z
layui,28011,2015-09-22T08:12:03Z
swift-algorithm-club,28009,2016-01-26T17:56:12Z
sqlmap,27989,2012-06-26T09:52:15Z
slidev,27958,2021-04-24T01:25:23Z
async,27928,2010-06-01T21:01:30Z
openpose,27907,2017-04-24T14:06:31Z
clashX,27856,2018-06-13T02:51:24Z
swr,27813,2019-10-28T18:16:01Z
composer,27811,2011-06-08T08:53:00Z
modern-unix,27800,2021-01-12T00:50:14Z
slate,27791,2016-06-18T01:52:42Z
interactive-coding-challenges,27782,2015-04-28T21:36:39Z
postcss,27777,2013-09-24T23:06:48Z
awesome-macos-command-line,27775,2015-09-22T19:37:55Z
cockroach,27726,2014-02-06T00:18:47Z
JavaScript,27718,2017-07-13T06:12:33Z
selenium,27651,2013-01-14T21:40:56Z
calculator,27639,2019-01-28T17:55:49Z
algo,27592,2016-05-15T03:42:48Z
sway,27572,2021-01-19T20:54:33Z
particles.js,27569,2014-09-06T14:29:47Z
lapce,27516,2018-02-06T08:41:06Z
vaultwarden,27465,2018-02-17T22:40:20Z
nacos,27431,2018-06-15T06:49:27Z
ray,27416,2016-10-25T19:38:30Z
Sortable,27403,2013-12-19T10:10:13Z
fairseq,27368,2017-08-29T16:26:12Z
zsh-autosuggestions,27268,2013-10-26T16:09:37Z
uppy,27260,2015-11-16T12:32:33Z
pytorch-tutorial,27238,2017-03-10T07:41:47Z
drone,27235,2014-02-07T07:54:44Z
HowToLiveLonger,27229,2022-04-16T04:15:18Z
ChatGPT,27221,2022-12-03T14:35:24Z
minikube,27182,2016-04-15T22:38:35Z
druid,27179,2011-11-03T05:12:51Z
machine-learning-for-software-engineers,27171,2016-10-09T21:20:25Z
jsPDF,27156,2009-12-06T14:56:32Z
How-To-Ask-Questions-The-Smart-Way,27141,2015-03-28T16:52:40Z
legacy-homebrew,27087,2009-05-20T19:38:37Z
FastChat,27085,2023-03-19T00:18:02Z
OpenAPI-Specification,27051,2014-03-03T16:53:36Z
nps,27044,2018-11-04T13:22:51Z
ClashForAndroid,27041,2019-11-15T00:13:59Z
underscore,27040,2009-10-25T18:31:06Z
spaCy,27025,2014-07-03T15:15:40Z
lighthouse,27003,2016-03-08T01:03:11Z
JCSprout,26999,2017-12-17T09:06:50Z
Daily-Interview-Question,26987,2019-01-19T10:49:00Z
hutool,26986,2014-04-13T07:23:51Z
streamlit,26974,2019-08-24T00:14:52Z
Charts,26968,2015-03-20T10:49:12Z
lede,26949,2017-09-06T07:39:03Z
weui,26919,2014-12-18T04:09:54Z
awesome-python-cn,26896,2015-11-03T09:50:50Z
consul,26866,2013-11-04T22:15:27Z
cheerio,26828,2011-10-09T04:23:20Z
AnotherRedisDesktopManager,26796,2019-01-08T06:01:56Z
Faker,26759,2011-10-14T22:49:02Z
mobx,26697,2015-03-14T14:31:38Z
python-guide,26684,2011-03-15T03:24:20Z
AI-Expert-Roadmap,26670,2020-10-24T21:49:40Z
stanford_alpaca,26637,2023-03-10T23:33:09Z
pytorch-image-models,26636,2019-02-02T05:51:12Z
hangzhou_house_knowledge,26635,2018-02-24T01:54:18Z
canal,26619,2013-01-13T10:59:52Z
chatgpt-web,26614,2023-02-09T03:21:37Z
waifu2x,26587,2015-05-17T07:29:15Z
floating-ui,26584,2016-03-29T17:00:47Z
react-select,26549,2014-08-26T04:27:45Z
echo,26515,2015-03-01T17:43:01Z
awesome-remote-job,26488,2015-01-02T00:31:34Z
poetry,26484,2018-02-28T15:23:47Z
yapi,26473,2016-05-30T09:09:09Z
portainer,26460,2016-05-19T20:15:28Z
ResumeSample,26383,2014-09-08T08:08:13Z
spring-cloud-alibaba,26351,2017-12-01T20:49:15Z
react-spring,26293,2018-03-07T15:39:32Z
vhr,26285,2018-01-04T08:57:51Z
gitflow,26274,2010-01-20T23:14:12Z
django-rest-framework,26259,2011-03-02T17:13:56Z
linkedin-skill-assessments-quizzes,26259,2019-07-13T19:52:56Z
angular-cli,26257,2015-06-04T19:49:37Z
nushell,26248,2019-05-10T16:59:42Z
rethinkdb,26241,2012-10-30T05:37:47Z
mattermost,26239,2015-06-15T06:50:02Z
etcher,26210,2015-10-27T16:53:23Z
AgentGPT,26209,2023-04-07T02:29:19Z
awesome-docker,26185,2014-09-21T17:01:48Z
detectron2,26182,2019-09-05T21:30:20Z
bark,26182,2023-04-07T19:34:48Z
sharp,26179,2013-08-19T20:24:24Z
codemirror5,26145,2011-01-14T13:44:03Z
nginxconfig.io,26139,2018-01-05T14:21:14Z
SpringAll,26079,2018-05-02T02:48:44Z
influxdb,26064,2013-09-26T14:31:10Z
css-protips,26042,2015-08-29T12:29:03Z
30-Days-Of-Python,26022,2019-11-19T17:24:16Z
folly,25988,2012-06-01T20:49:04Z
mongoose,25985,2010-04-06T21:39:05Z
reverse-interview,25962,2019-09-08T13:38:40Z
rocksdb,25958,2012-11-30T06:16:18Z
serenity,25943,2018-12-02T19:28:41Z
ace,25931,2010-10-27T10:43:36Z
Detectron,25924,2017-10-05T17:32:00Z
jq,25891,2012-07-18T19:57:25Z
RSSHub,25881,2018-04-02T14:43:21Z
immer,25869,2017-12-29T12:25:47Z
Probabilistic-Programming-and-Bayesian-Methods-for-Hackers,25832,2013-01-14T15:46:28Z
the-super-tiny-compiler,25815,2016-03-11T04:19:18Z
gitbook,25794,2014-03-31T03:01:56Z
fetch,25774,2014-10-13T00:26:19Z
kafka,25768,2011-08-15T18:06:16Z
fabric.js,25698,2010-06-09T22:24:38Z
bevy,25694,2020-01-18T21:13:55Z
select2,25685,2012-03-04T18:43:12Z
pocketbase,25671,2022-07-05T06:06:21Z
request,25640,2011-01-23T01:25:14Z
awesome-compose,25619,2020-02-13T08:51:42Z
tqdm,25618,2015-06-03T13:13:14Z
butterknife,25613,2013-03-05T08:18:59Z
C-Plus-Plus,25563,2016-07-16T10:19:45Z
nprogress,25545,2013-08-20T13:58:02Z
data-science-ipython-notebooks,25533,2015-01-23T19:38:29Z
Modernizr,25530,2009-09-25T20:13:23Z
os-tutorial,25525,2014-09-29T08:39:34Z
handson-ml2,25511,2019-01-08T03:49:07Z
nodemon,25503,2010-10-03T12:50:52Z
remote-jobs,25499,2015-10-13T03:49:25Z
MetaGPT,25454,2023-06-30T09:04:55Z
fastjson,25441,2011-11-03T06:58:52Z
mmdetection,25405,2018-08-22T07:06:06Z
vagrant,25403,2010-01-21T08:34:27Z
go-zero,25381,2020-08-07T15:37:57Z
kit,25376,2015-02-03T00:01:19Z
chinese-independent-developer,25345,2017-09-21T11:08:23Z
pnpm,25312,2016-01-28T07:40:43Z
react-virtualized,25291,2015-11-03T00:48:07Z
ShareX,25254,2013-10-08T23:32:10Z
commander.js,25208,2011-08-14T21:33:58Z
JavaScript30,25172,2016-12-07T19:15:31Z
weekly,25170,2017-03-20T06:10:04Z
the_silver_searcher,25166,2011-11-19T19:50:47Z
python-fire,25154,2017-02-21T21:35:07Z
NewPipe,25141,2015-09-03T23:39:26Z
xxl-job,25116,2015-11-28T12:59:34Z
zig,25086,2015-08-06T00:51:28Z
hacker-laws,25055,2018-01-25T03:46:34Z
handson-ml,25039,2016-02-16T19:48:39Z
cmder,25036,2013-07-09T07:44:22Z
Clone-Wars,25015,2020-12-02T11:10:16Z
proxyee-down,25006,2017-10-25T10:07:27Z
jsoncrack.com,25002,2022-01-30T15:25:18Z
fastText,24975,2016-07-16T13:38:42Z
engineering-blogs,24961,2015-06-13T18:25:17Z
zod,24956,2020-03-07T20:59:08Z
dokku,24936,2013-06-08T10:26:57Z
YouCompleteMe,24927,2012-04-16T03:12:14Z
helm,24893,2015-10-06T01:07:32Z
toBeTopJavaer,24891,2018-10-25T09:54:54Z
fonts,24873,2012-12-19T13:31:50Z
linux-command,24856,2016-11-12T15:44:26Z
logseq,24816,2020-05-23T00:06:06Z
nylas-mail,24762,2014-10-16T18:29:12Z
docsify,24759,2016-11-20T07:55:43Z
alpine,24758,2019-11-28T13:51:55Z
modern-js-cheatsheet,24740,2017-09-18T14:56:00Z
xstate,24711,2015-09-14T15:04:15Z
applied-ml,24706,2020-07-04T18:57:47Z
Ryujinx,24699,2018-02-04T23:07:54Z
awesome-deep-learning-papers,24695,2016-06-03T06:48:30Z
ngx-admin,24685,2016-05-25T10:09:03Z
YesPlayMusic,24681,2020-10-09T10:04:21Z
SDWebImage,24666,2009-09-21T17:39:19Z
Complete-Python-3-Bootcamp,24649,2018-02-12T19:30:10Z
jellyfin,24631,2018-12-09T06:36:45Z
awesome-electron,24623,2015-04-23T11:48:53Z
darknet,24575,2014-04-11T07:59:16Z
lightning,24556,2019-03-31T00:45:57Z
xgboost,24539,2014-02-06T17:28:03Z
CheatSheetSeries,24536,2018-12-21T14:26:43Z
jax,24526,2018-10-25T21:25:02Z
remix,24524,2020-10-26T19:57:28Z
rufus,24519,2011-11-19T19:12:05Z
helix,24517,2020-06-01T04:26:56Z
fastai,24447,2017-09-09T17:43:36Z
EventBus,24434,2012-07-16T16:55:40Z
nanoGPT,24430,2022-12-28T00:51:12Z
Depix,24413,2020-12-06T12:39:08Z
numpy,24412,2010-09-13T23:02:39Z
daisyui,24397,2020-11-28T22:57:27Z
ink,24391,2017-06-12T06:12:28Z
swagger-ui,24389,2011-07-15T22:56:39Z
lottie-ios,24378,2016-10-06T22:38:38Z
SmartRefreshLayout,24372,2017-06-02T09:52:50Z
k3s,24358,2018-05-31T01:37:46Z
Python-programming-exercises,24344,2012-06-14T07:56:46Z
mongo,24338,2009-01-15T16:15:18Z
iris,24312,2016-01-30T04:36:48Z
tools,24307,2020-02-20T05:57:33Z
tachiyomi,24306,2015-10-07T09:51:12Z
termux-app,24302,2015-10-23T09:42:46Z
faiss,24285,2017-02-07T16:07:05Z
plyr,24281,2015-02-14T11:33:07Z
aos,24275,2015-07-09T17:49:00Z
eShopOnContainers,24270,2016-10-05T22:35:23Z
quasar,24199,2015-10-05T15:45:36Z
ItChat,24197,2016-01-19T07:49:48Z
seata,24193,2018-12-28T08:37:22Z
emscripten,24186,2011-02-12T05:23:30Z
OpenBBTerminal,24184,2020-12-20T10:46:38Z
editor.js,24173,2015-11-28T20:56:35Z
novu,24121,2021-08-26T15:22:44Z
pipenv,24104,2017-01-20T00:44:02Z
iview,23996,2016-07-28T01:52:59Z
Signal-Android,23984,2011-12-15T20:01:12Z
angular-styleguide,23972,2014-07-29T00:07:51Z
dnSpy,23963,2015-07-01T16:05:10Z
react-native-elements,23949,2016-09-08T14:21:41Z
viper,23921,2014-04-02T14:33:33Z
fe-interview,23915,2019-04-17T03:05:58Z
netron,23912,2010-12-26T12:53:43Z
devtools,23892,2014-09-29T03:52:07Z
discord.js,23890,2015-08-10T13:36:26Z
rollup,23869,2015-05-14T22:26:28Z
feather,23858,2014-05-28T19:49:55Z
GitHubDaily,23848,2018-12-30T13:56:58Z
professional-programming,23821,2015-11-07T05:07:52Z
Web,23807,2017-01-03T11:44:33Z
redash,23787,2013-10-28T13:19:39Z
hosts,23785,2012-04-12T20:22:50Z
90DaysOfDevOps,23756,2021-12-26T13:55:18Z
nsq,23748,2012-05-12T14:37:08Z
v2ray-core,23737,2019-04-15T10:05:54Z
BaseRecyclerViewAdapterHelper,23734,2016-04-10T07:40:11Z
taichi,23711,2016-11-24T10:00:05Z
server,23707,2016-06-02T07:44:14Z
pkg,23685,2016-08-08T19:41:59Z
servo,23675,2012-02-08T19:07:25Z
go,23663,2013-08-14T08:33:55Z
react-three-fiber,23662,2019-02-25T14:31:51Z
hammer.js,23656,2012-03-02T12:58:28Z
mdb-ui-kit,23640,2014-08-18T11:54:00Z
components,23637,2016-01-04T18:50:02Z
awesome-swift,23630,2014-07-10T14:04:09Z
Awesome,23598,2016-05-30T17:27:35Z
Vundle.vim,23589,2010-10-17T23:17:53Z
Hystrix,23585,2012-11-19T20:14:46Z
RxSwift,23547,2015-04-07T21:25:17Z
croc,23482,2017-10-17T15:20:18Z
v2rayNG,23457,2019-05-15T02:15:31Z
faas,23457,2016-12-22T12:51:39Z
iTerm2-Color-Schemes,23440,2011-04-01T04:01:46Z
glances,23434,2011-12-04T08:49:15Z
mpv,23428,2012-10-13T08:08:44Z
flutter-go,23408,2019-01-08T09:03:40Z
Mask_RCNN,23387,2017-10-19T20:28:34Z
coder2gwy,23384,2020-12-30T14:40:50Z
devise,23380,2009-09-16T12:15:12Z
spleeter,23378,2019-09-26T15:40:46Z
docz,23360,2018-03-17T04:24:10Z
gitlabhq,23347,2011-10-02T16:25:27Z
eslint,23337,2013-06-29T23:59:48Z
apollo,23311,2017-07-04T19:03:31Z
MonitorControl,23266,2017-09-16T21:13:40Z
coc.nvim,23257,2018-05-01T22:39:02Z
mediapipe,23243,2019-06-13T19:16:41Z
ramda,23223,2013-06-21T20:32:35Z
Summer2024-Internships,23212,2020-05-23T20:53:18Z
ControlNet,23212,2023-02-01T02:43:30Z
ngrok,23191,2013-03-20T09:37:43Z
spacemacs,23189,2012-12-17T21:34:03Z
logrus,23189,2013-10-16T19:08:55Z
expo,23185,2016-08-15T17:14:25Z
PhotoSwipe,23166,2011-04-07T05:46:29Z
leetcode,23152,2018-09-16T14:03:03Z
vapor,23149,2016-01-18T22:37:52Z
Wox,23146,2013-12-19T15:49:32Z
awesome-sysadmin,23141,2014-02-09T22:39:20Z
pure,23133,2013-04-22T16:16:39Z
backstage,23099,2020-01-24T22:39:49Z
aseprite,23097,2014-08-19T23:44:50Z
cascadia-code,23094,2019-07-10T22:50:20Z
idiomatic.js,23088,2011-05-25T17:48:59Z
stb,23046,2014-05-25T16:51:23Z
awesome-vscode,23026,2016-02-07T23:02:45Z
directus,23025,2012-12-12T01:35:36Z
text-generation-webui,23024,2022-12-21T04:17:37Z
streisand,23024,2014-03-23T21:56:19Z
penpot,22980,2015-12-29T22:09:07Z
architecture-components-samples,22977,2017-05-09T21:09:14Z
python-telegram-bot,22977,2015-07-07T15:30:39Z
CodeHub,22960,2013-07-23T22:19:57Z
react-redux,22958,2015-07-11T17:32:01Z
DeepSpeech,22952,2016-06-02T15:04:53Z
cal.com,22946,2021-03-22T13:47:42Z
NativeScript,22923,2015-03-01T09:47:08Z
autocomplete,22920,2020-09-29T02:21:06Z
algorithms,22917,2016-11-17T22:32:08Z
awesome-piracy,22911,2018-10-09T22:09:56Z
openzeppelin-contracts,22906,2016-08-01T20:54:54Z
core-js,22904,2013-07-17T16:32:27Z
docker_practice,22863,2014-09-05T04:06:39Z
freqtrade,22848,2017-05-17T23:48:53Z
react-admin,22835,2016-07-13T07:58:54Z
localForage,22771,2013-10-31T00:10:06Z
whisper.cpp,22752,2022-09-25T18:26:37Z
go-patterns,22747,2015-12-14T22:05:06Z
copilot-docs,22707,2021-10-23T16:07:04Z
react-navigation,22706,2017-01-26T19:51:40Z
milvus,22693,2019-09-16T06:43:43Z
turbo,22691,2021-10-05T17:37:11Z
mostly-adequate-guide,22689,2015-05-06T01:44:15Z
envoy,22663,2016-08-08T15:07:24Z
guzzle,22661,2011-02-28T02:44:05Z
Real-ESRGAN,22656,2021-07-19T03:23:30Z
sails,22637,2012-03-18T19:46:15Z
exa,22629,2014-05-22T12:45:16Z
micro,22621,2016-03-11T02:06:28Z
setup-ipsec-vpn,22608,2016-01-07T16:44:12Z
openssl,22588,2013-01-15T22:34:48Z
Telegram,22563,2013-10-25T14:08:10Z
RevokeMsgPatcher,22561,2019-07-21T15:12:52Z
awesome-actions,22555,2018-10-17T17:53:45Z
srs,22545,2015-04-29T06:59:32Z
tdesktop,22534,2014-05-02T12:36:31Z
hub,22530,2009-12-05T22:15:25Z
trilium,22527,2017-05-23T00:30:20Z
octotree,22514,2014-05-09T18:15:20Z
30-Days-Of-React,22483,2020-09-29T13:38:54Z
draft-js,22481,2016-02-19T20:18:26Z
redux-saga,22473,2015-11-29T16:58:12Z
firecracker,22457,2017-10-19T06:18:47Z
ember.js,22448,2011-05-25T23:39:40Z
blog,22447,2014-04-25T09:44:42Z
Data-Science-For-Beginners,22437,2021-03-03T16:30:15Z
CyberChef,22425,2016-11-28T10:34:07Z
gson,22383,2015-03-19T18:21:20Z
table,22378,2016-10-20T17:25:08Z
ML-From-Scratch,22362,2017-02-05T12:11:23Z
flv.js,22352,2016-05-12T08:34:31Z
skywalking,22347,2015-11-07T03:30:36Z
MiniGPT-4,22335,2023-04-15T22:17:09Z
quivr,22331,2023-05-12T23:53:30Z
homebridge,22325,2014-12-01T16:37:39Z
sweetalert,22294,2014-09-30T11:12:48Z
react-redux-links,22259,2016-01-22T02:10:28Z
ipfs,22257,2014-02-11T07:28:24Z
wepy,22254,2016-11-14T08:06:56Z
RedisDesktopManager,22248,2013-08-05T07:51:08Z
fish-shell,22201,2012-05-10T03:00:55Z
wttr.in,22197,2015-12-26T21:03:43Z
tuning_playbook,22180,2023-01-18T23:32:32Z
mocha,22177,2011-03-07T18:44:25Z
surrealdb,22175,2021-12-09T15:03:29Z
intro.js,22172,2013-03-10T15:12:45Z
Rectangle,22164,2019-06-21T21:34:53Z
algo,22156,2018-09-24T05:33:46Z
github1s,22149,2019-06-16T09:55:25Z
celery,22132,2009-04-24T11:31:24Z
k9s,22126,2019-01-25T18:46:02Z
SwiftyJSON,22118,2014-06-18T14:41:15Z
javascript-testing-best-practices,22105,2019-07-04T11:08:12Z
libuv,22103,2013-11-30T00:29:56Z
react-starter-kit,22102,2014-04-16T13:08:18Z
locust,22086,2011-02-17T11:08:03Z
headlessui,22043,2020-09-16T09:53:09Z
AFFiNE,22037,2022-07-31T18:45:21Z
howler.js,22033,2013-01-28T16:47:12Z
elixir,22026,2011-01-09T08:43:57Z
pumpkin-book,22017,2018-12-22T05:05:24Z
flow,22012,2014-10-28T17:17:45Z
awesome-falsehood,22004,2016-09-08T09:13:47Z
highlight.js,21986,2011-01-01T23:47:21Z
tokio,21977,2016-09-09T22:31:36Z
jumpserver,21970,2014-07-04T03:54:59Z
lux,21966,2018-02-24T11:29:03Z
polymer,21956,2012-08-23T20:56:30Z
chosen,21955,2011-04-18T15:07:41Z
notable,21917,2018-12-22T13:57:19Z
react-bootstrap,21910,2013-12-27T19:06:07Z
flink,21907,2014-06-07T07:00:10Z
windows95,21903,2018-08-23T05:04:38Z
vant,21878,2017-04-19T07:55:31Z
libgdx,21877,2012-08-10T19:34:38Z
NLP-progress,21874,2018-06-22T17:43:55Z
vuepress,21863,2018-04-05T16:58:38Z
dapr,21838,2019-06-19T00:49:06Z
qBittorrent,21813,2012-02-04T09:37:46Z
vegeta,21804,2013-08-13T11:45:21Z
electron-react-boilerplate,21799,2015-05-18T09:54:57Z
awesome-datascience,21787,2014-07-05T07:07:43Z
iosched,21765,2014-04-01T22:40:40Z
wiki,21758,2016-08-16T19:35:26Z
JARVIS,21752,2023-03-30T02:57:12Z
passport,21752,2011-10-08T22:38:32Z
pytudes,21751,2017-03-01T05:43:35Z
WaveFunctionCollapse,21748,2016-09-30T11:53:17Z
api-guidelines,21742,2016-07-12T20:01:24Z
scrollreveal,21725,2014-01-16T17:37:20Z
homemade-machine-learning,21718,2018-11-01T04:34:19Z
redisson,21709,2014-01-11T14:06:25Z
dracula-theme,21708,2013-10-27T12:39:02Z
awesome-cto,21707,2016-12-16T19:22:18Z
TDengine,21707,2019-07-11T08:33:48Z
validator.js,21691,2010-10-06T06:58:48Z
vnpy,21679,2015-03-02T03:36:58Z
bitcoinbook,21670,2013-08-11T23:18:28Z
refined-github,21666,2016-02-15T16:45:02Z
spacedrive,21665,2021-09-27T05:09:04Z
v8,21637,2014-09-24T15:24:30Z
dragula,21630,2015-04-13T21:35:38Z
docker-cheat-sheet,21617,2014-08-05T20:04:20Z
gfwlist,21603,2015-03-13T13:24:56Z
gradio,21602,2018-12-19T08:24:04Z
flameshot,21596,2017-05-10T19:44:51Z
modern-cpp-tutorial,21580,2016-08-19T14:39:15Z
nanoid,21568,2017-08-05T05:24:35Z
Kingfisher,21567,2015-04-06T14:26:21Z
masscan,21563,2013-07-28T05:35:33Z
react-motion,21549,2015-06-11T07:38:23Z
llvm-project,21539,2016-12-07T09:39:33Z
Hero,21535,2016-11-24T18:49:37Z
rancher,21513,2014-11-07T20:49:31Z
vscodium,21503,2018-08-13T14:26:58Z
awesome-deep-learning,21501,2015-01-02T19:28:35Z
